Source URL,Target URL
https://telegra.ph/Tushikha-Goswami-Nude-Photos-4K-XXX-Videos--Leaks-Gallery---VIXN-09-24,https://vixn.fun/model/tushikhagoswami
https://telegra.ph/Angel-Fernandez-Nude-Photos-4K-XXX-Videos--Leaks-Gallery---VIXN-09-24,https://vixn.fun/model/angel-fernandez
https://telegra.ph/Mila-Baby-Nude-Photos-4K-XXX-Videos--Leaks-Gallery---VIXN-09-24,https://vixn.fun/model/iammilababy
https://telegra.ph/Izzy-Davis-Nude-Photos-4K-XXX-Videos--Leaks-Gallery---VIXN-09-24,https://vixn.fun/model/miss-izzy111
https://telegra.ph/Andreea-Mares-Nude-Photos-4K-XXX-Videos--Leaks-Gallery---VIXN-09-24,https://vixn.fun/model/iamblackwidof
https://telegra.ph/Leila-Lewis-Nude-Photos-4K-XXX-Videos--Leaks-Gallery---VIXN-09-24,https://vixn.fun/model/leilalewisforever
https://telegra.ph/Raissa-Bellini-Nude-Photos-4K-XXX-Videos--Leaks-Gallery---VIXN-09-24,https://vixn.fun/model/itsraissabellini
https://telegra.ph/Lindsay-Capuano-Nude-Photos-4K-XXX-Videos--Leaks-Gallery---VIXN-09-24,https://vixn.fun/model/lindsaycapuano
https://telegra.ph/Martina-Vismara-Nude-Photos-4K-XXX-Videos--Leaks-Gallery---VIXN-09-24,https://vixn.fun/model/vismaramartina
https://telegra.ph/Lena-Vera-Nude-Photos-4K-XXX-Videos--Leaks-Gallery---VIXN-09-24,https://vixn.fun/model/lena-officially
https://telegra.ph/Claudia-Rivier-Nude-Photos-4K-XXX-Videos--Leaks-Gallery---VIXN-09-24,https://vixn.fun/model/claudiarivier
https://telegra.ph/Tabby-Lookofsky-Nude-Photos-4K-XXX-Videos--Leaks-Gallery---VIXN-09-24,https://vixn.fun/model/strawberrytabbyy
https://telegra.ph/Bishoujo-Mom-Nude-Photos-4K-XXX-Videos--Leaks-Gallery---VIXN-09-24,https://vixn.fun/model/bishoujo-mom
https://telegra.ph/Numi-Rias-Nude-Photos-4K-XXX-Videos--Leaks-Gallery---VIXN-09-24,https://vixn.fun/model/numi-r
https://telegra.ph/Rose-Hart-Nude-Photos-4K-XXX-Videos--Leaks-Gallery---VIXN-09-24,https://vixn.fun/model/yourdistractionrose
https://telegra.ph/Alanna-Pow-Nude-Photos-4K-XXX-Videos--Leaks-Gallery---VIXN-09-24,https://vixn.fun/model/alanna-pow
https://telegra.ph/Cayenna-Pepper-Nude-Photos-4K-XXX-Videos--Leaks-Gallery---VIXN-09-24,https://vixn.fun/model/cayennapepper
https://telegra.ph/chimocurves-Nude-Photos-4K-XXX-Videos--Leaks-Gallery---VIXN-09-24,https://vixn.fun/model/chimocurves
https://telegra.ph/Christie-McThicc-Nude-Photos-4K-XXX-Videos--Leaks-Gallery---VIXN-09-24,https://vixn.fun/model/christie-mcthicc
https://telegra.ph/Yury-Micole-Nude-Photos-4K-XXX-Videos--Leaks-Gallery---VIXN-09-24,https://vixn.fun/model/yury-micole
https://telegra.ph/Anastasia-Kvitko-Nude-Photos-4K-XXX-Videos--Leaks-Gallery---VIXN-09-24,https://vixn.fun/model/anastasia-kvitko
https://telegra.ph/Angela-White-Nude-Photos-4K-XXX-Videos--Leaks-Gallery---VIXN-09-24,https://vixn.fun/model/angela-white
https://telegra.ph/Tina-Kiss-Nude-Photos-4K-XXX-Videos--Leaks-Gallery---VIXN-09-24,https://vixn.fun/model/tina-kiss
https://telegra.ph/Morgan-Lanes-Nude-Photos-4K-XXX-Videos--Leaks-Gallery---VIXN-09-24,https://vixn.fun/model/morgan-lanes
https://telegra.ph/Katharina-Amalia-Nude-Photos-4K-XXX-Videos--Leaks-Gallery---VIXN-09-24,https://vixn.fun/model/katharina-amalia
https://telegra.ph/Gaby-Linlin-Nude-Photos-4K-XXX-Videos--Leaks-Gallery---VIXN-09-24,https://vixn.fun/model/gaby-linlin
https://telegra.ph/Leila-Santese-Nude-Photos-4K-XXX-Videos--Leaks-Gallery---VIXN-09-24,https://vixn.fun/model/leila-santese
https://telegra.ph/Louisa-Khovanski-Nude-Photos-4K-XXX-Videos--Leaks-Gallery---VIXN-09-24,https://vixn.fun/model/louisa-khovanski
https://telegra.ph/Subhashree-Sahu-Nude-Photos-4K-XXX-Videos--Leaks-Gallery---VIXN-09-24,https://vixn.fun/model/subhashree-sahu
https://telegra.ph/Shilpa-Sethi-Nude-Photos-4K-XXX-Videos--Leaks-Gallery---VIXN-09-24,https://vixn.fun/model/shilpa-sethi
https://telegra.ph/Kanak-Mishra-Nude-Photos-4K-XXX-Videos--Leaks-Gallery---VIXN-09-24,https://vixn.fun/model/kanak-mishra
https://telegra.ph/Akanksha-Choudhary-Nude-Photos-4K-XXX-Videos--Leaks-Gallery---VIXN-09-24,https://vixn.fun/model/akanksha-choudhary
https://telegra.ph/Shanaya-Katiyan-Nude-Photos-4K-XXX-Videos--Leaks-Gallery---VIXN-09-24,https://vixn.fun/model/shanaya-katiyan
https://telegra.ph/Farhin-Diaries-Nude-Photos-4K-XXX-Videos--Leaks-Gallery---VIXN-09-24,https://vixn.fun/model/farhin-diaries
https://telegra.ph/Anveshi-Jain-Nude-Photos-4K-XXX-Videos--Leaks-Gallery---VIXN-09-24,https://vixn.fun/model/anveshi-jain
https://telegra.ph/Mia-Malkova-Nude-Photos-4K-XXX-Videos--Leaks-Gallery---VIXN-09-24,https://vixn.fun/model/mia-malkova
https://telegra.ph/Poonam-Pandey-Nude-Photos-4K-XXX-Videos--Leaks-Gallery---VIXN-09-24,https://vixn.fun/model/poonam-pandey
https://telegra.ph/Sunny-Leone-Nude-Photos-4K-XXX-Videos--Leaks-Gallery---VIXN-09-24,https://vixn.fun/model/sunny-leone
https://telegra.ph/Aditi-Mistry-Nude-Photos-4K-XXX-Videos--Leaks-Gallery---VIXN-09-24,https://vixn.fun/model/aditi-mistry
